task,BatchNormalization8,BatchNormalization256,BatchNormalization1024,BatchNormalization16,BatchNormalization512,BatchNormalization32,BatchNormalization128,BatchNormalization64,Conv2D1024,Conv2D64,Conv2D128,Conv2D256,Conv2D512,Dense16,Dense8,Dense256,Dense64,Dense512,Dense32,Dense128,Dense1024
conv2d_1,inf,inf,inf,inf,inf,inf,inf,inf,723970,726311,723508,723508,723378,inf,inf,inf,inf,inf,inf,inf,inf
batch_normalization_1,941266,942933,941514,943123,942924,943063,942952,942989,inf,inf,inf,inf,inf,inf,inf,inf,inf,inf,inf,inf,inf
conv2d_2,inf,inf,inf,inf,inf,inf,inf,inf,988334,3136469,1580471,992056,989956,inf,inf,inf,inf,inf,inf,inf,inf
batch_normalization_2,946064,947860,947909,947861,947851,947861,947861,947861,inf,inf,inf,inf,inf,inf,inf,inf,inf,inf,inf,inf,inf
conv2d_3,inf,inf,inf,inf,inf,inf,inf,inf,1452996,6258395,3147052,1593959,1452337,inf,inf,inf,inf,inf,inf,inf,inf
batch_normalization_3,1681449,1685805,1684662,1685805,1685804,1685805,1685805,1685805,inf,inf,inf,inf,inf,inf,inf,inf,inf,inf,inf,inf,inf
conv2d_4,inf,inf,inf,inf,inf,inf,inf,inf,517768,522996,519657,520454,517755,inf,inf,inf,inf,inf,inf,inf,inf
batch_normalization_4,563470,564554,564789,564554,564546,564554,564554,564554,inf,inf,inf,inf,inf,inf,inf,inf,inf,inf,inf,inf,inf
conv2d_5,inf,inf,inf,inf,inf,inf,inf,inf,1068648,11014637,5570479,2847736,1486657,inf,inf,inf,inf,inf,inf,inf,inf
batch_normalization_5,1269110,1268980,1268569,1268980,1268980,1268980,1268980,1268980,inf,inf,inf,inf,inf,inf,inf,inf,inf,inf,inf,inf,inf
conv2d_9,inf,inf,inf,inf,inf,inf,inf,inf,230436,254078,230459,229804,230689,inf,inf,inf,inf,inf,inf,inf,inf
conv2d_7,inf,inf,inf,inf,inf,inf,inf,inf,219229,222800,220218,220387,219384,inf,inf,inf,inf,inf,inf,inf,inf
conv2d_6,inf,inf,inf,inf,inf,inf,inf,inf,235086,255308,235198,235107,234853,inf,inf,inf,inf,inf,inf,inf,inf
conv2d_12,inf,inf,inf,inf,inf,inf,inf,inf,206902,207477,207261,206528,207017,inf,inf,inf,inf,inf,inf,inf,inf
batch_normalization_9,118015,117989,118226,118000,117985,118000,117998,118000,inf,inf,inf,inf,inf,inf,inf,inf,inf,inf,inf,inf,inf
batch_normalization_7,86528,88069,87054,88082,88066,88082,88076,88082,inf,inf,inf,inf,inf,inf,inf,inf,inf,inf,inf,inf,inf
batch_normalization_6,118866,118709,117792,118720,118705,118720,118718,118720,inf,inf,inf,inf,inf,inf,inf,inf,inf,inf,inf,inf,inf
batch_normalization_12,66614,65810,67717,65825,65808,65825,65814,65823,inf,inf,inf,inf,inf,inf,inf,inf,inf,inf,inf,inf,inf
conv2d_10,inf,inf,inf,inf,inf,inf,inf,inf,188685,1108428,579743,314942,195080,inf,inf,inf,inf,inf,inf,inf,inf
conv2d_8,inf,inf,inf,inf,inf,inf,inf,inf,168093,1533853,799173,431791,247576,inf,inf,inf,inf,inf,inf,inf,inf
batch_normalization_10,161250,161873,161787,161879,161866,161879,161879,161879,inf,inf,inf,inf,inf,inf,inf,inf,inf,inf,inf,inf,inf
batch_normalization_8,118379,118242,118605,118253,118238,118253,118251,118253,inf,inf,inf,inf,inf,inf,inf,inf,inf,inf,inf,inf,inf
conv2d_11,inf,inf,inf,inf,inf,inf,inf,inf,235113,1658487,864836,468902,269196,inf,inf,inf,inf,inf,inf,inf,inf
batch_normalization_11,165443,166012,165519,166018,166005,166018,166018,166018,inf,inf,inf,inf,inf,inf,inf,inf,inf,inf,inf,inf,inf
conv2d_16,inf,inf,inf,inf,inf,inf,inf,inf,296175,336184,299715,295625,296537,inf,inf,inf,inf,inf,inf,inf,inf
conv2d_14,inf,inf,inf,inf,inf,inf,inf,inf,280133,285604,280848,279127,279515,inf,inf,inf,inf,inf,inf,inf,inf
conv2d_13,inf,inf,inf,inf,inf,inf,inf,inf,295133,335921,297401,296638,295714,inf,inf,inf,inf,inf,inf,inf,inf
conv2d_19,inf,inf,inf,inf,inf,inf,inf,inf,293554,335492,295053,293820,293888,inf,inf,inf,inf,inf,inf,inf,inf
batch_normalization_16,118081,117365,118985,117376,117361,117376,117374,117376,inf,inf,inf,inf,inf,inf,inf,inf,inf,inf,inf,inf,inf
batch_normalization_14,88352,89133,88163,89146,89130,89146,89140,89146,inf,inf,inf,inf,inf,inf,inf,inf,inf,inf,inf,inf,inf
batch_normalization_13,117729,118227,117537,118238,118223,118238,118236,118238,inf,inf,inf,inf,inf,inf,inf,inf,inf,inf,inf,inf,inf
batch_normalization_19,117807,118911,117213,118922,118907,118922,118920,118922,inf,inf,inf,inf,inf,inf,inf,inf,inf,inf,inf,inf,inf
conv2d_17,inf,inf,inf,inf,inf,inf,inf,inf,189342,1107543,578087,313454,192747,inf,inf,inf,inf,inf,inf,inf,inf
conv2d_15,inf,inf,inf,inf,inf,inf,inf,inf,167191,1535827,800051,433312,248365,inf,inf,inf,inf,inf,inf,inf,inf
batch_normalization_17,162307,164294,162428,164300,164287,164300,164300,164300,inf,inf,inf,inf,inf,inf,inf,inf,inf,inf,inf,inf,inf
batch_normalization_15,116696,116836,117561,116847,116832,116847,116845,116847,inf,inf,inf,inf,inf,inf,inf,inf,inf,inf,inf,inf,inf
conv2d_18,inf,inf,inf,inf,inf,inf,inf,inf,235962,1660303,864778,468726,269846,inf,inf,inf,inf,inf,inf,inf,inf
batch_normalization_18,164513,163901,163819,163907,163894,163907,163907,163907,inf,inf,inf,inf,inf,inf,inf,inf,inf,inf,inf,inf,inf
conv2d_23,inf,inf,inf,inf,inf,inf,inf,inf,317739,376815,323334,320553,320724,inf,inf,inf,inf,inf,inf,inf,inf
conv2d_21,inf,inf,inf,inf,inf,inf,inf,inf,307947,317173,310858,309653,307978,inf,inf,inf,inf,inf,inf,inf,inf
conv2d_20,inf,inf,inf,inf,inf,inf,inf,inf,320197,376694,322941,319040,318536,inf,inf,inf,inf,inf,inf,inf,inf
conv2d_26,inf,inf,inf,inf,inf,inf,inf,inf,318811,377061,324878,320480,319019,inf,inf,inf,inf,inf,inf,inf,inf
batch_normalization_23,117654,117474,117503,117485,117470,117485,117483,117485,inf,inf,inf,inf,inf,inf,inf,inf,inf,inf,inf,inf,inf
batch_normalization_21,88127,87867,88873,87880,87864,87880,87874,87880,inf,inf,inf,inf,inf,inf,inf,inf,inf,inf,inf,inf,inf
batch_normalization_20,116485,116853,118852,116864,116849,116864,116862,116864,inf,inf,inf,inf,inf,inf,inf,inf,inf,inf,inf,inf,inf
batch_normalization_26,116983,117176,118441,117187,117172,117187,117185,117187,inf,inf,inf,inf,inf,inf,inf,inf,inf,inf,inf,inf,inf
conv2d_24,inf,inf,inf,inf,inf,inf,inf,inf,189083,1107124,577983,312972,193497,inf,inf,inf,inf,inf,inf,inf,inf
conv2d_22,inf,inf,inf,inf,inf,inf,inf,inf,166544,1534747,799723,432060,248674,inf,inf,inf,inf,inf,inf,inf,inf
batch_normalization_24,162471,164327,163918,164333,164320,164333,164333,164333,inf,inf,inf,inf,inf,inf,inf,inf,inf,inf,inf,inf,inf
batch_normalization_22,117542,118589,118029,118600,118585,118600,118598,118600,inf,inf,inf,inf,inf,inf,inf,inf,inf,inf,inf,inf,inf
conv2d_25,inf,inf,inf,inf,inf,inf,inf,inf,235963,1658135,864512,467715,270277,inf,inf,inf,inf,inf,inf,inf,inf
batch_normalization_25,166225,165149,165057,165155,165142,165155,165155,165155,inf,inf,inf,inf,inf,inf,inf,inf,inf,inf,inf,inf,inf
conv2d_28,inf,inf,inf,inf,inf,inf,inf,inf,319194,377218,321713,320501,320127,inf,inf,inf,inf,inf,inf,inf,inf
conv2d_27,inf,inf,inf,inf,inf,inf,inf,inf,1051981,5232702,2994700,1871886,1310499,inf,inf,inf,inf,inf,inf,inf,inf
batch_normalization_28,116958,117257,116808,117268,117253,117268,117266,117268,inf,inf,inf,inf,inf,inf,inf,inf,inf,inf,inf,inf,inf
batch_normalization_27,154259,154770,153482,154770,154763,154770,154770,154770,inf,inf,inf,inf,inf,inf,inf,inf,inf,inf,inf,inf,inf
conv2d_29,inf,inf,inf,inf,inf,inf,inf,inf,188535,1106871,577925,312679,191469,inf,inf,inf,inf,inf,inf,inf,inf
batch_normalization_29,165014,166109,165007,166115,166102,166115,166115,166115,inf,inf,inf,inf,inf,inf,inf,inf,inf,inf,inf,inf,inf
conv2d_30,inf,inf,inf,inf,inf,inf,inf,inf,165899,443359,256484,169907,166533,inf,inf,inf,inf,inf,inf,inf,inf
batch_normalization_30,44552,44340,42780,44353,44337,44353,44346,44353,inf,inf,inf,inf,inf,inf,inf,inf,inf,inf,inf,inf,inf
conv2d_35,inf,inf,inf,inf,inf,inf,inf,inf,261624,527277,305757,266896,263532,inf,inf,inf,inf,inf,inf,inf,inf
conv2d_32,inf,inf,inf,inf,inf,inf,inf,inf,262220,527313,305925,265330,262086,inf,inf,inf,inf,inf,inf,inf,inf
conv2d_31,inf,inf,inf,inf,inf,inf,inf,inf,305385,784086,452803,312374,308436,inf,inf,inf,inf,inf,inf,inf,inf
conv2d_40,inf,inf,inf,inf,inf,inf,inf,inf,306188,785258,451998,313765,307786,inf,inf,inf,inf,inf,inf,inf,inf
batch_normalization_35,56894,56820,57427,56831,56816,56831,56828,56831,inf,inf,inf,inf,inf,inf,inf,inf,inf,inf,inf,inf,inf
batch_normalization_32,56683,56104,57294,56115,56100,56115,56112,56115,inf,inf,inf,inf,inf,inf,inf,inf,inf,inf,inf,inf,inf
batch_normalization_31,81589,80829,81652,80836,80823,80836,80836,80836,inf,inf,inf,inf,inf,inf,inf,inf,inf,inf,inf,inf,inf
batch_normalization_40,80208,81419,81275,81426,81413,81426,81426,81426,inf,inf,inf,inf,inf,inf,inf,inf,inf,inf,inf,inf,inf
conv2d_36,inf,inf,inf,inf,inf,inf,inf,inf,147702,613890,356397,227016,161043,inf,inf,inf,inf,inf,inf,inf,inf
conv2d_33,inf,inf,inf,inf,inf,inf,inf,inf,138863,604745,346577,216479,151594,inf,inf,inf,inf,inf,inf,inf,inf
batch_normalization_36,55837,55748,56231,55759,55744,55759,55756,55759,inf,inf,inf,inf,inf,inf,inf,inf,inf,inf,inf,inf,inf
batch_normalization_33,56603,56060,55195,56071,56056,56071,56068,56071,inf,inf,inf,inf,inf,inf,inf,inf,inf,inf,inf,inf,inf
conv2d_37,inf,inf,inf,inf,inf,inf,inf,inf,139955,603490,345566,216316,152641,inf,inf,inf,inf,inf,inf,inf,inf
conv2d_34,inf,inf,inf,inf,inf,inf,inf,inf,206305,914320,529183,333585,236075,inf,inf,inf,inf,inf,inf,inf,inf
batch_normalization_37,55755,56552,56591,56563,56548,56563,56560,56563,inf,inf,inf,inf,inf,inf,inf,inf,inf,inf,inf,inf,inf
batch_normalization_34,81701,81447,80556,81454,81441,81454,81454,81454,inf,inf,inf,inf,inf,inf,inf,inf,inf,inf,inf,inf,inf
conv2d_38,inf,inf,inf,inf,inf,inf,inf,inf,147030,613330,354911,226504,161432,inf,inf,inf,inf,inf,inf,inf,inf
batch_normalization_38,57065,57192,56488,57203,57188,57203,57200,57203,inf,inf,inf,inf,inf,inf,inf,inf,inf,inf,inf,inf,inf
conv2d_39,inf,inf,inf,inf,inf,inf,inf,inf,193527,904623,517288,322627,225930,inf,inf,inf,inf,inf,inf,inf,inf
batch_normalization_39,80659,81136,80148,81143,81130,81143,81143,81143,inf,inf,inf,inf,inf,inf,inf,inf,inf,inf,inf,inf,inf
conv2d_45,inf,inf,inf,inf,inf,inf,inf,inf,284079,656508,380637,289583,285197,inf,inf,inf,inf,inf,inf,inf,inf
conv2d_42,inf,inf,inf,inf,inf,inf,inf,inf,282645,655512,378818,288712,284620,inf,inf,inf,inf,inf,inf,inf,inf
conv2d_41,inf,inf,inf,inf,inf,inf,inf,inf,305717,784151,452084,313241,309483,inf,inf,inf,inf,inf,inf,inf,inf
conv2d_50,inf,inf,inf,inf,inf,inf,inf,inf,304435,783687,451246,311552,305029,inf,inf,inf,inf,inf,inf,inf,inf
batch_normalization_45,68089,69265,68427,69274,69260,69274,69274,69274,inf,inf,inf,inf,inf,inf,inf,inf,inf,inf,inf,inf,inf
batch_normalization_42,68814,68052,67983,68061,68047,68061,68061,68061,inf,inf,inf,inf,inf,inf,inf,inf,inf,inf,inf,inf,inf
batch_normalization_41,81696,81669,80951,81676,81663,81676,81676,81676,inf,inf,inf,inf,inf,inf,inf,inf,inf,inf,inf,inf,inf
batch_normalization_50,81175,80633,81289,80640,80627,80640,80640,80640,inf,inf,inf,inf,inf,inf,inf,inf,inf,inf,inf,inf,inf
conv2d_46,inf,inf,inf,inf,inf,inf,inf,inf,211488,954173,549824,348547,247473,inf,inf,inf,inf,inf,inf,inf,inf
conv2d_43,inf,inf,inf,inf,inf,inf,inf,inf,199639,943204,538295,337719,236159,inf,inf,inf,inf,inf,inf,inf,inf
batch_normalization_46,68984,68794,68685,68803,68789,68803,68803,68803,inf,inf,inf,inf,inf,inf,inf,inf,inf,inf,inf,inf,inf
batch_normalization_43,69213,69763,69206,69772,69758,69772,69772,69772,inf,inf,inf,inf,inf,inf,inf,inf,inf,inf,inf,inf,inf
conv2d_47,inf,inf,inf,inf,inf,inf,inf,inf,200026,942544,537976,336092,235508,inf,inf,inf,inf,inf,inf,inf,inf
conv2d_44,inf,inf,inf,inf,inf,inf,inf,inf,244102,1142258,656924,416573,294722,inf,inf,inf,inf,inf,inf,inf,inf
batch_normalization_47,68619,68673,68872,68682,68668,68682,68682,68682,inf,inf,inf,inf,inf,inf,inf,inf,inf,inf,inf,inf,inf
batch_normalization_44,80681,81430,81797,81437,81424,81437,81437,81437,inf,inf,inf,inf,inf,inf,inf,inf,inf,inf,inf,inf,inf
conv2d_48,inf,inf,inf,inf,inf,inf,inf,inf,211516,955260,550716,349226,246502,inf,inf,inf,inf,inf,inf,inf,inf
batch_normalization_48,68939,68498,69323,68507,68493,68507,68507,68507,inf,inf,inf,inf,inf,inf,inf,inf,inf,inf,inf,inf,inf
conv2d_49,inf,inf,inf,inf,inf,inf,inf,inf,230900,1129754,644438,404954,281321,inf,inf,inf,inf,inf,inf,inf,inf
batch_normalization_49,81674,81292,80816,81299,81286,81299,81299,81299,inf,inf,inf,inf,inf,inf,inf,inf,inf,inf,inf,inf,inf
conv2d_55,inf,inf,inf,inf,inf,inf,inf,inf,283951,655226,377855,289648,284301,inf,inf,inf,inf,inf,inf,inf,inf
conv2d_52,inf,inf,inf,inf,inf,inf,inf,inf,282138,654480,377796,287544,284442,inf,inf,inf,inf,inf,inf,inf,inf
conv2d_51,inf,inf,inf,inf,inf,inf,inf,inf,304967,784754,451294,313714,307695,inf,inf,inf,inf,inf,inf,inf,inf
conv2d_60,inf,inf,inf,inf,inf,inf,inf,inf,305283,784452,452116,311781,308102,inf,inf,inf,inf,inf,inf,inf,inf
batch_normalization_55,69557,68637,68556,68646,68632,68646,68646,68646,inf,inf,inf,inf,inf,inf,inf,inf,inf,inf,inf,inf,inf
batch_normalization_52,68323,68534,69157,68543,68529,68543,68543,68543,inf,inf,inf,inf,inf,inf,inf,inf,inf,inf,inf,inf,inf
batch_normalization_51,79929,80561,80739,80568,80555,80568,80568,80568,inf,inf,inf,inf,inf,inf,inf,inf,inf,inf,inf,inf,inf
batch_normalization_60,81759,80712,79853,80719,80706,80719,80719,80719,inf,inf,inf,inf,inf,inf,inf,inf,inf,inf,inf,inf,inf
conv2d_56,inf,inf,inf,inf,inf,inf,inf,inf,212537,954544,551065,348565,249575,inf,inf,inf,inf,inf,inf,inf,inf
conv2d_53,inf,inf,inf,inf,inf,inf,inf,inf,200122,942338,536923,336282,235222,inf,inf,inf,inf,inf,inf,inf,inf
batch_normalization_56,68190,68469,68108,68478,68464,68478,68478,68478,inf,inf,inf,inf,inf,inf,inf,inf,inf,inf,inf,inf,inf
batch_normalization_53,68336,69081,68406,69090,69076,69090,69090,69090,inf,inf,inf,inf,inf,inf,inf,inf,inf,inf,inf,inf,inf
conv2d_57,inf,inf,inf,inf,inf,inf,inf,inf,198831,941707,537526,335605,235094,inf,inf,inf,inf,inf,inf,inf,inf
conv2d_54,inf,inf,inf,inf,inf,inf,inf,inf,245013,1141967,656597,413788,293554,inf,inf,inf,inf,inf,inf,inf,inf
batch_normalization_57,69964,69854,69100,69863,69849,69863,69863,69863,inf,inf,inf,inf,inf,inf,inf,inf,inf,inf,inf,inf,inf
batch_normalization_54,81828,80834,82454,80841,80828,80841,80841,80841,inf,inf,inf,inf,inf,inf,inf,inf,inf,inf,inf,inf,inf
conv2d_58,inf,inf,inf,inf,inf,inf,inf,inf,211000,954217,549413,348283,246932,inf,inf,inf,inf,inf,inf,inf,inf
batch_normalization_58,68291,68959,69029,68968,68954,68968,68968,68968,inf,inf,inf,inf,inf,inf,inf,inf,inf,inf,inf,inf,inf
conv2d_59,inf,inf,inf,inf,inf,inf,inf,inf,230997,1129655,643985,402578,282517,inf,inf,inf,inf,inf,inf,inf,inf
batch_normalization_59,81098,81715,80859,81722,81709,81722,81722,81722,inf,inf,inf,inf,inf,inf,inf,inf,inf,inf,inf,inf,inf
conv2d_65,inf,inf,inf,inf,inf,inf,inf,inf,306642,784411,451802,311300,308399,inf,inf,inf,inf,inf,inf,inf,inf
conv2d_62,inf,inf,inf,inf,inf,inf,inf,inf,306342,783985,451660,312206,307117,inf,inf,inf,inf,inf,inf,inf,inf
conv2d_61,inf,inf,inf,inf,inf,inf,inf,inf,306101,785185,452319,312342,308496,inf,inf,inf,inf,inf,inf,inf,inf
conv2d_70,inf,inf,inf,inf,inf,inf,inf,inf,304704,783323,450967,312822,306682,inf,inf,inf,inf,inf,inf,inf,inf
batch_normalization_65,81313,81895,80359,81902,81889,81902,81902,81902,inf,inf,inf,inf,inf,inf,inf,inf,inf,inf,inf,inf,inf
batch_normalization_62,80566,80598,81294,80605,80592,80605,80605,80605,inf,inf,inf,inf,inf,inf,inf,inf,inf,inf,inf,inf,inf
batch_normalization_61,80950,80860,80473,80867,80854,80867,80867,80867,inf,inf,inf,inf,inf,inf,inf,inf,inf,inf,inf,inf,inf
batch_normalization_70,81682,81629,80468,81636,81623,81636,81636,81636,inf,inf,inf,inf,inf,inf,inf,inf,inf,inf,inf,inf,inf
conv2d_66,inf,inf,inf,inf,inf,inf,inf,inf,284860,1369612,787149,498767,351362,inf,inf,inf,inf,inf,inf,inf,inf
conv2d_63,inf,inf,inf,inf,inf,inf,inf,inf,271080,1355129,772976,481351,337954,inf,inf,inf,inf,inf,inf,inf,inf
batch_normalization_66,81415,79898,80093,79905,79892,79905,79905,79905,inf,inf,inf,inf,inf,inf,inf,inf,inf,inf,inf,inf,inf
batch_normalization_63,81984,82686,81670,82693,82680,82693,82693,82693,inf,inf,inf,inf,inf,inf,inf,inf,inf,inf,inf,inf,inf
conv2d_67,inf,inf,inf,inf,inf,inf,inf,inf,270267,1354965,773320,481469,337379,inf,inf,inf,inf,inf,inf,inf,inf
conv2d_64,inf,inf,inf,inf,inf,inf,inf,inf,286004,1369623,786979,495906,352278,inf,inf,inf,inf,inf,inf,inf,inf
batch_normalization_67,81203,80815,80782,80822,80809,80822,80822,80822,inf,inf,inf,inf,inf,inf,inf,inf,inf,inf,inf,inf,inf
batch_normalization_64,81084,81638,80778,81645,81632,81645,81645,81645,inf,inf,inf,inf,inf,inf,inf,inf,inf,inf,inf,inf,inf
conv2d_68,inf,inf,inf,inf,inf,inf,inf,inf,285163,1369630,786945,495720,351348,inf,inf,inf,inf,inf,inf,inf,inf
batch_normalization_68,80947,80848,81582,80855,80842,80855,80855,80855,inf,inf,inf,inf,inf,inf,inf,inf,inf,inf,inf,inf,inf
conv2d_69,inf,inf,inf,inf,inf,inf,inf,inf,271617,1355000,772364,481145,338807,inf,inf,inf,inf,inf,inf,inf,inf
batch_normalization_69,80787,81560,80368,81567,81554,81567,81567,81567,inf,inf,inf,inf,inf,inf,inf,inf,inf,inf,inf,inf,inf
conv2d_73,inf,inf,inf,inf,inf,inf,inf,inf,304496,785303,451637,307912,305898,inf,inf,inf,inf,inf,inf,inf,inf
conv2d_71,inf,inf,inf,inf,inf,inf,inf,inf,305113,783636,450670,308577,305868,inf,inf,inf,inf,inf,inf,inf,inf
batch_normalization_73,81004,81867,81168,81874,81861,81874,81874,81874,inf,inf,inf,inf,inf,inf,inf,inf,inf,inf,inf,inf,inf
batch_normalization_71,81299,81029,80796,81036,81023,81036,81036,81036,inf,inf,inf,inf,inf,inf,inf,inf,inf,inf,inf,inf,inf
conv2d_74,inf,inf,inf,inf,inf,inf,inf,inf,269546,1354694,772530,481152,336832,inf,inf,inf,inf,inf,inf,inf,inf
conv2d_72,inf,inf,inf,inf,inf,inf,inf,inf,453684,956227,680526,542249,477677,inf,inf,inf,inf,inf,inf,inf,inf
batch_normalization_74,81551,81981,80447,81988,81975,81988,81988,81988,inf,inf,inf,inf,inf,inf,inf,inf,inf,inf,inf,inf,inf
batch_normalization_72,28984,29286,29889,29296,29281,29296,29296,29296,inf,inf,inf,inf,inf,inf,inf,inf,inf,inf,inf,inf,inf
conv2d_75,inf,inf,inf,inf,inf,inf,inf,inf,286935,1369610,786966,495969,351130,inf,inf,inf,inf,inf,inf,inf,inf
batch_normalization_75,81685,80528,80966,80535,80522,80535,80535,80535,inf,inf,inf,inf,inf,inf,inf,inf,inf,inf,inf,inf,inf
conv2d_76,inf,inf,inf,inf,inf,inf,inf,inf,288973,577970,411158,329437,289282,inf,inf,inf,inf,inf,inf,inf,inf
batch_normalization_76,18981,18574,20635,18588,18571,18588,18580,18588,inf,inf,inf,inf,inf,inf,inf,inf,inf,inf,inf,inf,inf
conv2d_81,inf,inf,inf,inf,inf,inf,inf,inf,492380,993680,706738,564005,494718,inf,inf,inf,inf,inf,inf,inf,inf
conv2d_78,inf,inf,inf,inf,inf,inf,inf,inf,429680,853684,606842,483603,430255,inf,inf,inf,inf,inf,inf,inf,inf
conv2d_77,inf,inf,inf,inf,inf,inf,inf,inf,370756,712004,507468,404303,369979,inf,inf,inf,inf,inf,inf,inf,inf
conv2d_85,inf,inf,inf,inf,inf,inf,inf,inf,246481,430442,307227,251459,246536,inf,inf,inf,inf,inf,inf,inf,inf
batch_normalization_81,37873,37057,38703,37063,37050,37063,37063,37063,inf,inf,inf,inf,inf,inf,inf,inf,inf,inf,inf,inf,inf
batch_normalization_78,35036,34451,34125,34459,34445,34459,34459,34459,inf,inf,inf,inf,inf,inf,inf,inf,inf,inf,inf,inf,inf
batch_normalization_77,29176,29064,29288,29074,29059,29074,29074,29074,inf,inf,inf,inf,inf,inf,inf,inf,inf,inf,inf,inf,inf
batch_normalization_85,19664,20342,19581,20356,20339,20356,20348,20356,inf,inf,inf,inf,inf,inf,inf,inf,inf,inf,inf,inf,inf
conv2d_82,inf,inf,inf,inf,inf,inf,inf,inf,1211121,2661982,1889096,1501907,1308662,inf,inf,inf,inf,inf,inf,inf,inf
conv2d_79,inf,inf,inf,inf,inf,inf,inf,inf,353123,762321,542656,431692,376213,inf,inf,inf,inf,inf,inf,inf,inf
conv2d_80,inf,inf,inf,inf,inf,inf,inf,inf,354420,766498,546677,435378,380619,inf,inf,inf,inf,inf,inf,inf,inf
batch_normalization_82,34082,33413,35273,33421,33407,33421,33421,33421,inf,inf,inf,inf,inf,inf,inf,inf,inf,inf,inf,inf,inf
batch_normalization_79,35561,35078,36353,35086,35072,35086,35086,35086,inf,inf,inf,inf,inf,inf,inf,inf,inf,inf,inf,inf,inf
batch_normalization_80,34672,33130,33142,33138,33124,33138,33138,33138,inf,inf,inf,inf,inf,inf,inf,inf,inf,inf,inf,inf,inf
conv2d_83,inf,inf,inf,inf,inf,inf,inf,inf,352744,763291,541261,430687,375287,inf,inf,inf,inf,inf,inf,inf,inf
conv2d_84,inf,inf,inf,inf,inf,inf,inf,inf,356887,768414,547203,436518,380989,inf,inf,inf,inf,inf,inf,inf,inf
batch_normalization_83,33064,33435,33746,33443,33429,33443,33443,33443,inf,inf,inf,inf,inf,inf,inf,inf,inf,inf,inf,inf,inf
batch_normalization_84,32677,32762,34873,32770,32756,32770,32770,32770,inf,inf,inf,inf,inf,inf,inf,inf,inf,inf,inf,inf,inf
conv2d_90,inf,inf,inf,inf,inf,inf,inf,inf,771709,1587319,1128135,898837,785040,inf,inf,inf,inf,inf,inf,inf,inf
conv2d_87,inf,inf,inf,inf,inf,inf,inf,inf,675657,1362270,968298,772875,682235,inf,inf,inf,inf,inf,inf,inf,inf
conv2d_86,inf,inf,inf,inf,inf,inf,inf,inf,580905,1138028,809932,645872,585770,inf,inf,inf,inf,inf,inf,inf,inf
conv2d_94,inf,inf,inf,inf,inf,inf,inf,inf,388146,688012,491804,396948,391366,inf,inf,inf,inf,inf,inf,inf,inf
batch_normalization_90,41201,41046,39515,41052,41039,41052,41052,41052,inf,inf,inf,inf,inf,inf,inf,inf,inf,inf,inf,inf,inf
batch_normalization_87,33524,34090,35159,34098,34084,34098,34098,34098,inf,inf,inf,inf,inf,inf,inf,inf,inf,inf,inf,inf,inf
batch_normalization_86,30120,30102,29146,30112,30097,30112,30112,30112,inf,inf,inf,inf,inf,inf,inf,inf,inf,inf,inf,inf,inf
batch_normalization_94,19400,18763,19772,18777,18760,18777,18769,18777,inf,inf,inf,inf,inf,inf,inf,inf,inf,inf,inf,inf,inf
conv2d_91,inf,inf,inf,inf,inf,inf,inf,inf,1211044,2662791,1889914,1501670,1307851,inf,inf,inf,inf,inf,inf,inf,inf
conv2d_88,inf,inf,inf,inf,inf,inf,inf,inf,353425,763420,542622,431441,376138,inf,inf,inf,inf,inf,inf,inf,inf
conv2d_89,inf,inf,inf,inf,inf,inf,inf,inf,354981,767560,546766,435553,380734,inf,inf,inf,inf,inf,inf,inf,inf
batch_normalization_91,35043,34157,33695,34165,34151,34165,34165,34165,inf,inf,inf,inf,inf,inf,inf,inf,inf,inf,inf,inf,inf
batch_normalization_88,35280,35034,34204,35042,35028,35042,35042,35042,inf,inf,inf,inf,inf,inf,inf,inf,inf,inf,inf,inf,inf
batch_normalization_89,33032,33726,34471,33734,33720,33734,33734,33734,inf,inf,inf,inf,inf,inf,inf,inf,inf,inf,inf,inf,inf
conv2d_92,inf,inf,inf,inf,inf,inf,inf,inf,353277,764446,542470,432024,375563,inf,inf,inf,inf,inf,inf,inf,inf
conv2d_93,inf,inf,inf,inf,inf,inf,inf,inf,354596,767216,546504,435982,380555,inf,inf,inf,inf,inf,inf,inf,inf
batch_normalization_92,35703,35060,35161,35068,35054,35068,35068,35068,inf,inf,inf,inf,inf,inf,inf,inf,inf,inf,inf,inf,inf
batch_normalization_93,37502,36286,35822,36294,36280,36294,36294,36294,inf,inf,inf,inf,inf,inf,inf,inf,inf,inf,inf,inf,inf
predictions,inf,inf,inf,inf,inf,inf,inf,inf,inf,inf,inf,inf,inf,2798332,5851882,1338118,1569168,1287346,1988813,1401812,1462016
